id;modification_counter;approved_file;contest_id;assigned_to;user_type_id;status;fullname;comments;reason
1;5862;Representative impactful;68168;16673;55259;harness solutions Practical;Vatu Nuevo;web-enabled Plastic;synergy navigating Soft
2;26711;Movies XML;27106;81566;17450;Account bandwidth open-source;Home calculating Forward;Loan cyan;Chair Self-enabling Tasty
3;48137;Burkina;87501;406;70046;programming Personal Account;Albania;Togo vertical;unleash firewall
4;86670;exuding;14512;17203;88729;reboot;Factors;synthesize National;Pines Baby object-oriented
5;92719;Sleek Customer background;14810;44554;68284;Upgradable Fresh Generic;Clothing;e-commerce Chicken bleeding-edge;Corporate
6;79888;Oregon fuchsia hack;88437;17835;88269;Tuna deposit;content-based;models green;generate Accountability
7;79807;Pizza Steel;5941;71224;73533;Table;EXE services;policy projection;payment Indonesia
8;72336;e-tailers Electronics Refined;6230;10799;56615;compressing;withdrawal archive;CFP Jamaican optical;Soft auxiliary
9;62898;Representative;61669;69981;99659;Plastic;Colombia Point deliverables;sticky Research;asynchronous front-end Car
10;63189;Ports invoice;55680;23457;41863;generating;Malawi Shoes;calculate;archive Interactions invoice
