id;modification_counter;country_id;category_id;name;description
1;46635;20388;36281;1080p Metal;Account override invoice
2;82519;61056;39679;Colorado;infrastructures Account viral
3;95612;18616;34812;Rubber synthesize solutions;Implementation Tuna Tasty
4;60133;20407;41258;repurpose Accounts;Trafficway Cotton Electronics
5;85433;26114;34164;drive Angola matrix;Cross-group Villages CSS
6;45943;47702;24878;implement motivating EXE;bandwidth applications
7;18764;77480;26865;Checking;Bedfordshire Home
8;5498;67170;65350;transmitting override Algerian;array Garden Lead
9;21174;56224;45869;Checking optimize toolset;Books
10;95367;52711;90432;AI Dominica TCP;Grocery Soap
