id;modification_counter;question;chapter;deleted;created_by
1;41101;deposit Grocery;hack multi-byte;false;60129
2;96174;navigate Applications Sausages;foreground;true;87148
3;58683;Seamless;Wisconsin;false;3305
4;9868;metrics convergence;withdrawal Towels 17(E.U.A.-17);true;20683
5;75421;auxiliary payment;withdrawal synthesizing experiences;false;48096
6;76470;Vermont circuit Lock;Alaska Wooden;true;42293
7;35;Account;alarm;true;93226
8;32651;mesh Avon;Marino;true;40614
9;24775;Multi-channelled Public-key;SDD;false;42034
10;75958;Cloned;Gourde;false;67214
