id;modification_counter;contest_id;no_of_mcqs;assigned_to;user_type_id;status;full_name;comments;reason;super_sme_id
1;88842;82895;99378;7806;10916;pixel Montserrat;Saint;invoice moratorium Iowa;Mouse plug-and-play;65425
2;3902;86167;13618;6852;21;teal;calculating;quantify Loan;Identity Frozen array;10829
3;16412;80347;40437;6613;32453;infrastructures;Representative optimal;connecting Paradigm;Games Markets markets;10149
4;59315;67027;41893;90385;48668;eco-centric Carolina Saudi;Central;Bedfordshire Investment;Concrete transitional Western;82450
5;53456;58215;8614;60646;24633;Security streamline Qatari;deposit;indexing;Michigan;67771
6;29714;65506;53307;37853;96982;support Buckinghamshire Grocery;compressing up;quantifying Borders monetize;exuding Heights;6725
7;21759;97528;10999;33725;1960;bus;cutting-edge Handcrafted infrastructure;GB open;synthesize;76498
8;51429;24559;20335;73581;13174;Chair Representative contingency;cyan compressing;Mews Borders JSON;ADP Factors;4140
9;98204;51138;33558;58901;80643;Account Slovenia Savings;ROI Associate Buckinghamshire;navigate invoice flexibility;grey;49678
10;45447;96367;54932;57039;48977;generating;Egypt generate compressing;Colombian Synergized;implementation SAS;25398
